uri,dcterms:identifier,ID,description:架番号,rdfs:label,description:表記,schema:category,description:推定した国郡名等,schema:description,schema:longitude,schema:latitude,schema:geo^^uri,xywh,schema:url,canvas,schema:relatedLink,schema:image,schema:isPartOf^^uri
http://example.org/data/b964be3d1b6d42730872a53356838cf4,b964be3d1b6d42730872a53356838cf4,,以-328,北村,北村,,播磨国,現兵庫県たつの市新宮町北村。揖保川の右岸、觜崎村の北に位置する。揖東郡に属し、越部北村ともいわれた。,134.551699,34.898589,http://geohash.org/wypwtc1e1bd8,"5092,4867,400,453",https://nakamura196.github.io/shoen/iiif/以-328/manifest.json,https://nakamura196.github.io/shoen/iiif/429c5f278d0c810bdc0f4472d6805b00/canvas/p1,"https://nakamura196.github.io/shoen/iiif/429c5f278d0c810bdc0f4472d6805b00/canvas/p1#xywh=5092,4867,400,453","https://clioimg.hi.u-tokyo.ac.jp/viewer/api/image/idata/0M0/_101i_/328/00000001.tif/5092,4867,400,453/200,/0/default.jpg",http://example.org/data/以-328
http://example.org/data/10e631adccbd7e791356944f7f852d02,10e631adccbd7e791356944f7f852d02,,以-328,くろす川,くろす川,川,播磨国,栗栖川。揖保川の支流。,134.541965,34.890472,http://geohash.org/wypwmxd7xp2k,"2415,8117,1329,1734",https://nakamura196.github.io/shoen/iiif/以-328/manifest.json,https://nakamura196.github.io/shoen/iiif/429c5f278d0c810bdc0f4472d6805b00/canvas/p1,"https://nakamura196.github.io/shoen/iiif/429c5f278d0c810bdc0f4472d6805b00/canvas/p1#xywh=2415,8117,1329,1734","https://clioimg.hi.u-tokyo.ac.jp/viewer/api/image/idata/0M0/_101i_/328/00000001.tif/2415,8117,1329,1734/200,/0/default.jpg",http://example.org/data/以-328
http://example.org/data/32ea447de3339a00b4b4fbedc84c115c,32ea447de3339a00b4b4fbedc84c115c,,以-328,佐野,佐野,,播磨国,現兵庫県たつの市新宮町佐野。觜崎村の南に位置し、揖保川とその支流栗栖川の合流点付近に立地する。,134.547517,34.887337,http://geohash.org/wypwmxn92qup,"3833,8927,367,660",https://nakamura196.github.io/shoen/iiif/以-328/manifest.json,https://nakamura196.github.io/shoen/iiif/429c5f278d0c810bdc0f4472d6805b00/canvas/p1,"https://nakamura196.github.io/shoen/iiif/429c5f278d0c810bdc0f4472d6805b00/canvas/p1#xywh=3833,8927,367,660","https://clioimg.hi.u-tokyo.ac.jp/viewer/api/image/idata/0M0/_101i_/328/00000001.tif/3833,8927,367,660/200,/0/default.jpg",http://example.org/data/以-328
http://example.org/data/e250d9e602b8cf2becb0e4d015544001,e250d9e602b8cf2becb0e4d015544001,,以-328,北だつの,北だつの,,播磨国,北龍野村。龍野町の北に位置し、揖東郡に属する。北は栗栖川を挟んで佐野村。,134.548609,34.871102,http://geohash.org/wypwmsp6cud3,"3026,11863,365,643",https://nakamura196.github.io/shoen/iiif/以-328/manifest.json,https://nakamura196.github.io/shoen/iiif/429c5f278d0c810bdc0f4472d6805b00/canvas/p1,"https://nakamura196.github.io/shoen/iiif/429c5f278d0c810bdc0f4472d6805b00/canvas/p1#xywh=3026,11863,365,643","https://clioimg.hi.u-tokyo.ac.jp/viewer/api/image/idata/0M0/_101i_/328/00000001.tif/3026,11863,365,643/200,/0/default.jpg",http://example.org/data/以-328
http://example.org/data/e7349a1e420c35a9c0d1af681947e42d,e7349a1e420c35a9c0d1af681947e42d,,以-328,大川,大川,川,播磨国,揖保川。兵庫県西部を北から南に流れる川。,134.548101,34.878855,http://geohash.org/wypwmtwbjczd,"3793,10737,1015,2129",https://nakamura196.github.io/shoen/iiif/以-328/manifest.json,https://nakamura196.github.io/shoen/iiif/429c5f278d0c810bdc0f4472d6805b00/canvas/p1,"https://nakamura196.github.io/shoen/iiif/429c5f278d0c810bdc0f4472d6805b00/canvas/p1#xywh=3793,10737,1015,2129","https://clioimg.hi.u-tokyo.ac.jp/viewer/api/image/idata/0M0/_101i_/328/00000001.tif/3793,10737,1015,2129/200,/0/default.jpg",http://example.org/data/以-328
http://example.org/data/598e46c2a4cf16dfa5cb5481795c069f,598e46c2a4cf16dfa5cb5481795c069f,,以-328,御城山,御城山,山,播磨国,鶏籠山。山頂に龍野城跡が残る。室町時代から織豊期にかけての山城遺構。,134.544883,34.872729,http://geohash.org/wypwmsks75b5,"1615,13005,1005,437",https://nakamura196.github.io/shoen/iiif/以-328/manifest.json,https://nakamura196.github.io/shoen/iiif/429c5f278d0c810bdc0f4472d6805b00/canvas/p1,"https://nakamura196.github.io/shoen/iiif/429c5f278d0c810bdc0f4472d6805b00/canvas/p1#xywh=1615,13005,1005,437","https://clioimg.hi.u-tokyo.ac.jp/viewer/api/image/idata/0M0/_101i_/328/00000001.tif/1615,13005,1005,437/200,/0/default.jpg",http://example.org/data/以-328
http://example.org/data/1309e586eb7295ae74cadc7bdd90f04f,1309e586eb7295ae74cadc7bdd90f04f,,以-328,日飼村,日飼村,村,播磨国,現兵庫県たつの市龍野町日飼。島田村の南に位置し、揖保川の左岸沿いに延びる自然堤防上に立地する。揖東郡に属し、東は片山村。中世は小宅庄に属した。,134.553731,34.865673,http://geohash.org/wypwmg5530t8,"4862,12645,536,635",https://nakamura196.github.io/shoen/iiif/以-328/manifest.json,https://nakamura196.github.io/shoen/iiif/429c5f278d0c810bdc0f4472d6805b00/canvas/p1,"https://nakamura196.github.io/shoen/iiif/429c5f278d0c810bdc0f4472d6805b00/canvas/p1#xywh=4862,12645,536,635","https://clioimg.hi.u-tokyo.ac.jp/viewer/api/image/idata/0M0/_101i_/328/00000001.tif/4862,12645,536,635/200,/0/default.jpg",http://example.org/data/以-328
http://example.org/data/2a35ac2df8d19f19aadb517a00bb1bd1,2a35ac2df8d19f19aadb517a00bb1bd1,,以-328,龍野,龍野,,播磨国,鶏籠山南麓に築かれた龍野城の城下町。南から西は山に囲まれ、東から南にかけては揖保川が流れる。揖西郡に属する。,134.545098,34.866609,http://geohash.org/wypwmekb8p02,"2584,14284,432,759",https://nakamura196.github.io/shoen/iiif/以-328/manifest.json,https://nakamura196.github.io/shoen/iiif/429c5f278d0c810bdc0f4472d6805b00/canvas/p1,"https://nakamura196.github.io/shoen/iiif/429c5f278d0c810bdc0f4472d6805b00/canvas/p1#xywh=2584,14284,432,759","https://clioimg.hi.u-tokyo.ac.jp/viewer/api/image/idata/0M0/_101i_/328/00000001.tif/2584,14284,432,759/200,/0/default.jpg",http://example.org/data/以-328
http://example.org/data/6060d282f4e64d45a2c42a3229cf2195,6060d282f4e64d45a2c42a3229cf2195,,以-328,ひ山,ひ山,,播磨国,樋山。のち日山村。現兵庫県たつの市龍野町日山。揖西郡に属する。東端を揖保川が南流する。西は小神村。粒坐天照神社の参道から台山にかけてには武家屋敷があり、その西に集落が密集する。,134.537447,34.861104,http://geohash.org/wypwm6r0tsz3,"1724,15361,525,361",https://nakamura196.github.io/shoen/iiif/以-328/manifest.json,https://nakamura196.github.io/shoen/iiif/429c5f278d0c810bdc0f4472d6805b00/canvas/p1,"https://nakamura196.github.io/shoen/iiif/429c5f278d0c810bdc0f4472d6805b00/canvas/p1#xywh=1724,15361,525,361","https://clioimg.hi.u-tokyo.ac.jp/viewer/api/image/idata/0M0/_101i_/328/00000001.tif/1724,15361,525,361/200,/0/default.jpg",http://example.org/data/以-328
http://example.org/data/67d7da6d050cd764144be387d7017377,67d7da6d050cd764144be387d7017377,,以-328,小神村,小神村,村,播磨国,現兵庫県たつの市揖西町小神・揖西町芦原台。揖西郡に属する。集落は山間の上楽寺と扇状地先端の出屋敷に分れている。南に開ける谷間には古代の揖保郡衙の推定地があり、古代の山陽道が横断していた。,134.533031,34.860379,http://geohash.org/wypwm65uqvds,"683,15810,629,417",https://nakamura196.github.io/shoen/iiif/以-328/manifest.json,https://nakamura196.github.io/shoen/iiif/429c5f278d0c810bdc0f4472d6805b00/canvas/p1,"https://nakamura196.github.io/shoen/iiif/429c5f278d0c810bdc0f4472d6805b00/canvas/p1#xywh=683,15810,629,417","https://clioimg.hi.u-tokyo.ac.jp/viewer/api/image/idata/0M0/_101i_/328/00000001.tif/683,15810,629,417/200,/0/default.jpg",http://example.org/data/以-328
http://example.org/data/0ab0d691a725aadf092aa0ab77fb74f9,0ab0d691a725aadf092aa0ab77fb74f9,,以-328,大道村,大道村,村,播磨国,現兵庫県たつの市龍野町大道。当地を中世山陽道が通っていたとみられる。大川（揖保川）の左岸、浦上井の末流。,134.543058,34.846711,http://geohash.org/wypwjxekb3xr,"3682,16071,474,492",https://nakamura196.github.io/shoen/iiif/以-328/manifest.json,https://nakamura196.github.io/shoen/iiif/429c5f278d0c810bdc0f4472d6805b00/canvas/p1,"https://nakamura196.github.io/shoen/iiif/429c5f278d0c810bdc0f4472d6805b00/canvas/p1#xywh=3682,16071,474,492","https://clioimg.hi.u-tokyo.ac.jp/viewer/api/image/idata/0M0/_101i_/328/00000001.tif/3682,16071,474,492/200,/0/default.jpg",http://example.org/data/以-328
http://example.org/data/7472facc401c2594ac9f0d1ffa7f8e4a,7472facc401c2594ac9f0d1ffa7f8e4a,,以-328,半田村,半田村,村,播磨国,現兵庫県たつの市揖保川町半田。揖保川右岸に位置し、村の中央に半田山がある。大川（揖保川）右岸から取水する半田井の末流に位置した。,134.537777,34.850605,http://geohash.org/wypwm2r7mrts,"816,17162,394,566",https://nakamura196.github.io/shoen/iiif/以-328/manifest.json,https://nakamura196.github.io/shoen/iiif/429c5f278d0c810bdc0f4472d6805b00/canvas/p1,"https://nakamura196.github.io/shoen/iiif/429c5f278d0c810bdc0f4472d6805b00/canvas/p1#xywh=816,17162,394,566","https://clioimg.hi.u-tokyo.ac.jp/viewer/api/image/idata/0M0/_101i_/328/00000001.tif/816,17162,394,566/200,/0/default.jpg",http://example.org/data/以-328
http://example.org/data/2b94a783839c85f8428f60f7e82ac5ce,2b94a783839c85f8428f60f7e82ac5ce,,以-328,山下村,山下村,村,播磨国,現兵庫県たつの市揖保町山下。浦上井を利用する村。大道村の南に位置し、揖西郡に属する。西は揖保川を挟んで野田村、東は揖東郡上沖村。,134.545571,34.84117,http://geohash.org/wypwjwthe0c4,"4130,17133,500,623",https://nakamura196.github.io/shoen/iiif/以-328/manifest.json,https://nakamura196.github.io/shoen/iiif/429c5f278d0c810bdc0f4472d6805b00/canvas/p1,"https://nakamura196.github.io/shoen/iiif/429c5f278d0c810bdc0f4472d6805b00/canvas/p1#xywh=4130,17133,500,623","https://clioimg.hi.u-tokyo.ac.jp/viewer/api/image/idata/0M0/_101i_/328/00000001.tif/4130,17133,500,623/200,/0/default.jpg",http://example.org/data/以-328
http://example.org/data/11d56487332dd9942a2e5e10158f5d62,11d56487332dd9942a2e5e10158f5d62,,以-328,中陣村,中陣村,村,播磨国,現兵庫県たつの市揖保町中臣。山下村の南に位置し、揖西郡に属する。東は揖東郡下沖村。村の中心部を揖保川の旧河道に沿って浦上井が蛇行しながら流れる。,134.544396,34.836849,http://geohash.org/wypwjtu5rem4,"4848,18394,296,557",https://nakamura196.github.io/shoen/iiif/以-328/manifest.json,https://nakamura196.github.io/shoen/iiif/429c5f278d0c810bdc0f4472d6805b00/canvas/p1,"https://nakamura196.github.io/shoen/iiif/429c5f278d0c810bdc0f4472d6805b00/canvas/p1#xywh=4848,18394,296,557","https://clioimg.hi.u-tokyo.ac.jp/viewer/api/image/idata/0M0/_101i_/328/00000001.tif/4848,18394,296,557/200,/0/default.jpg",http://example.org/data/以-328
http://example.org/data/537ccac2332686acb48961527a28430e,537ccac2332686acb48961527a28430e,,以-328,のだ村,のだ村,村,播磨国,野田村。現兵庫県たつの市揖保川町野田。中垣内川を挟んで半田村の南に位置し、揖保川右岸に立地する。,134.532511,34.842476,http://geohash.org/wypwjqgs4sqc,"1981,18727,407,564",https://nakamura196.github.io/shoen/iiif/以-328/manifest.json,https://nakamura196.github.io/shoen/iiif/429c5f278d0c810bdc0f4472d6805b00/canvas/p1,"https://nakamura196.github.io/shoen/iiif/429c5f278d0c810bdc0f4472d6805b00/canvas/p1#xywh=1981,18727,407,564","https://clioimg.hi.u-tokyo.ac.jp/viewer/api/image/idata/0M0/_101i_/328/00000001.tif/1981,18727,407,564/200,/0/default.jpg",http://example.org/data/以-328
http://example.org/data/467d440cdcede59905040ad5a491a628,467d440cdcede59905040ad5a491a628,,以-328,新在家村,新在家村,村,播磨国,現兵庫県たつの市揖保川町新在家。野田村の南、揖保川右岸に位置する。,134.526773,34.834887,http://geohash.org/wypwjjrrvj87,"2197,19448,410,759",https://nakamura196.github.io/shoen/iiif/以-328/manifest.json,https://nakamura196.github.io/shoen/iiif/429c5f278d0c810bdc0f4472d6805b00/canvas/p1,"https://nakamura196.github.io/shoen/iiif/429c5f278d0c810bdc0f4472d6805b00/canvas/p1#xywh=2197,19448,410,759","https://clioimg.hi.u-tokyo.ac.jp/viewer/api/image/idata/0M0/_101i_/328/00000001.tif/2197,19448,410,759/200,/0/default.jpg",http://example.org/data/以-328
http://example.org/data/4f5c60bfcb5350b43cfb69305d432bfa,4f5c60bfcb5350b43cfb69305d432bfa,,以-328,正条村,正条村,村,播磨国,現兵庫県たつの市揖保川町正条。新在家村の南に位置し、揖保川右岸に立地する。山陽道の宿駅。中世には山科家領下揖保庄西方に含まれる。,134.52929,34.825272,http://geohash.org/wypwj79pztjp,"1911,20634,367,661",https://nakamura196.github.io/shoen/iiif/以-328/manifest.json,https://nakamura196.github.io/shoen/iiif/429c5f278d0c810bdc0f4472d6805b00/canvas/p1,"https://nakamura196.github.io/shoen/iiif/429c5f278d0c810bdc0f4472d6805b00/canvas/p1#xywh=1911,20634,367,661","https://clioimg.hi.u-tokyo.ac.jp/viewer/api/image/idata/0M0/_101i_/328/00000001.tif/1911,20634,367,661/200,/0/default.jpg",http://example.org/data/以-328
http://example.org/data/6f53259bba98c2d9fe3f1ce64c2ea35a,6f53259bba98c2d9fe3f1ce64c2ea35a,,以-328,きびた村,きびた村,村,播磨国,黍田村。現兵庫県たつの市揖保川町黍田。山津屋村の西に位置し、北は北山村。南部に宝記山が迫り、北部を馬路川が流れる。,134.521735,34.824925,http://geohash.org/wypwj5etzsec,"463,21432,386,715",https://nakamura196.github.io/shoen/iiif/以-328/manifest.json,https://nakamura196.github.io/shoen/iiif/429c5f278d0c810bdc0f4472d6805b00/canvas/p1,"https://nakamura196.github.io/shoen/iiif/429c5f278d0c810bdc0f4472d6805b00/canvas/p1#xywh=463,21432,386,715","https://clioimg.hi.u-tokyo.ac.jp/viewer/api/image/idata/0M0/_101i_/328/00000001.tif/463,21432,386,715/200,/0/default.jpg",http://example.org/data/以-328
http://example.org/data/08a85c7b3129efa6bd83fb5bb94d2e00,08a85c7b3129efa6bd83fb5bb94d2e00,,以-328,山津屋村,山津屋村,村,播磨国,現兵庫県たつの市揖保川町山津屋。北山村の南、正条村の西に位置し、村内を馬路川が東流する。南には宝記山がある。,134.524568,34.824166,http://geohash.org/wypwj5tc3xh1,"1255,21980,770,394",https://nakamura196.github.io/shoen/iiif/以-328/manifest.json,https://nakamura196.github.io/shoen/iiif/429c5f278d0c810bdc0f4472d6805b00/canvas/p1,"https://nakamura196.github.io/shoen/iiif/429c5f278d0c810bdc0f4472d6805b00/canvas/p1#xywh=1255,21980,770,394","https://clioimg.hi.u-tokyo.ac.jp/viewer/api/image/idata/0M0/_101i_/328/00000001.tif/1255,21980,770,394/200,/0/default.jpg",http://example.org/data/以-328
http://example.org/data/38825f2b1cf6794df70079c1533adf00,38825f2b1cf6794df70079c1533adf00,,以-328,はしざき,はしざき,,播磨国,現兵庫県たつの市新宮町觜崎。下野田村の東、揖保川の右岸に位置する。揖東郡に属した。当地は揖保川と美作道が交接する要衝の地で、中世には越部下庄の庄域にあったと推測される。大川（揖保川）から南の佐野に至る「はしさきの井」が北村付近で分岐し、当地まで延びている。,134.551472,34.890959,http://geohash.org/wypwmz9qsd1m,"5236,6197,433,809",https://nakamura196.github.io/shoen/iiif/以-328/manifest.json,https://nakamura196.github.io/shoen/iiif/429c5f278d0c810bdc0f4472d6805b00/canvas/p1,"https://nakamura196.github.io/shoen/iiif/429c5f278d0c810bdc0f4472d6805b00/canvas/p1#xywh=5236,6197,433,809","https://clioimg.hi.u-tokyo.ac.jp/viewer/api/image/idata/0M0/_101i_/328/00000001.tif/5236,6197,433,809/200,/0/default.jpg",http://example.org/data/以-328
http://example.org/data/a76140d21dfbef2893f0863f07d88170,a76140d21dfbef2893f0863f07d88170,,以-328,西,西,方位,,,,,,"520,9022,626,743",https://nakamura196.github.io/shoen/iiif/以-328/manifest.json,https://nakamura196.github.io/shoen/iiif/429c5f278d0c810bdc0f4472d6805b00/canvas/p1,"https://nakamura196.github.io/shoen/iiif/429c5f278d0c810bdc0f4472d6805b00/canvas/p1#xywh=520,9022,626,743","https://clioimg.hi.u-tokyo.ac.jp/viewer/api/image/idata/0M0/_101i_/328/00000001.tif/520,9022,626,743/200,/0/default.jpg",http://example.org/data/以-328
http://example.org/data/67357b5a77c86bc6f7a424b8f34fcdd6,67357b5a77c86bc6f7a424b8f34fcdd6,,以-328,東,東,方位,,,,,,"8477,9412,919,899",https://nakamura196.github.io/shoen/iiif/以-328/manifest.json,https://nakamura196.github.io/shoen/iiif/429c5f278d0c810bdc0f4472d6805b00/canvas/p1,"https://nakamura196.github.io/shoen/iiif/429c5f278d0c810bdc0f4472d6805b00/canvas/p1#xywh=8477,9412,919,899","https://clioimg.hi.u-tokyo.ac.jp/viewer/api/image/idata/0M0/_101i_/328/00000001.tif/8477,9412,919,899/200,/0/default.jpg",http://example.org/data/以-328
http://example.org/data/953b61b51ce140056ddf384aca796a1c,953b61b51ce140056ddf384aca796a1c,,以-328,長真,長真,,播磨国,現兵庫県たつの市誉田町長真。上沖村の北に位置し、揖東郡に属する。浦上井から分岐する井溝の先端に記される。,134.552129,34.847595,http://geohash.org/wypwjzccgye1,"5696,15854,399,486",https://nakamura196.github.io/shoen/iiif/以-328/manifest.json,https://nakamura196.github.io/shoen/iiif/429c5f278d0c810bdc0f4472d6805b00/canvas/p1,"https://nakamura196.github.io/shoen/iiif/429c5f278d0c810bdc0f4472d6805b00/canvas/p1#xywh=5696,15854,399,486","https://clioimg.hi.u-tokyo.ac.jp/viewer/api/image/idata/0M0/_101i_/328/00000001.tif/5696,15854,399,486/200,/0/default.jpg",http://example.org/data/以-328
http://example.org/data/ba87e4ec9ad6c8b7561537902bfbe8bf,ba87e4ec9ad6c8b7561537902bfbe8bf,,以-328,上堂本,上堂本,,播磨国,現兵庫県たつの市龍野町堂本。小宅井の末流。明治に入って下堂本と合併し、堂本村となる。,134.553278,34.860148,http://geohash.org/wypwmf4endef,"6786,15300,371,567",https://nakamura196.github.io/shoen/iiif/以-328/manifest.json,https://nakamura196.github.io/shoen/iiif/429c5f278d0c810bdc0f4472d6805b00/canvas/p1,"https://nakamura196.github.io/shoen/iiif/429c5f278d0c810bdc0f4472d6805b00/canvas/p1#xywh=6786,15300,371,567","https://clioimg.hi.u-tokyo.ac.jp/viewer/api/image/idata/0M0/_101i_/328/00000001.tif/6786,15300,371,567/200,/0/default.jpg",http://example.org/data/以-328
http://example.org/data/3a6aa58681ffc80a734ac74e64ffb09c,3a6aa58681ffc80a734ac74e64ffb09c,,以-328,下堂本,下堂本,,播磨国,現兵庫県たつの市龍野町堂本。上堂本村の南に位置し、揖東郡に属する。西は揖西郡四箇村。小宅井の末流。明治に入って下堂本と合併し、堂本村となる。,134.554799,34.851039,http://geohash.org/wypwmb7y40d1,"6988,15937,329,469",https://nakamura196.github.io/shoen/iiif/以-328/manifest.json,https://nakamura196.github.io/shoen/iiif/429c5f278d0c810bdc0f4472d6805b00/canvas/p1,"https://nakamura196.github.io/shoen/iiif/429c5f278d0c810bdc0f4472d6805b00/canvas/p1#xywh=6988,15937,329,469","https://clioimg.hi.u-tokyo.ac.jp/viewer/api/image/idata/0M0/_101i_/328/00000001.tif/6988,15937,329,469/200,/0/default.jpg",http://example.org/data/以-328
http://example.org/data/ed60b9e64e83296e08d5243e8ddc9441,ed60b9e64e83296e08d5243e8ddc9441,,以-328,高だ,高だ,,播磨国,現兵庫県たつの市誉田町高駄。井上村の北に位置し、揖東郡に属する。,134.557287,34.845884,http://geohash.org/wypwjzmxup96,"7094,16555,383,477",https://nakamura196.github.io/shoen/iiif/以-328/manifest.json,https://nakamura196.github.io/shoen/iiif/429c5f278d0c810bdc0f4472d6805b00/canvas/p1,"https://nakamura196.github.io/shoen/iiif/429c5f278d0c810bdc0f4472d6805b00/canvas/p1#xywh=7094,16555,383,477","https://clioimg.hi.u-tokyo.ac.jp/viewer/api/image/idata/0M0/_101i_/328/00000001.tif/7094,16555,383,477/200,/0/default.jpg",http://example.org/data/以-328
http://example.org/data/0d944ddd6acde2fb9638fdf01ee5592d,0d944ddd6acde2fb9638fdf01ee5592d,,以-328,井上,井上,,播磨国,現兵庫県たつの市誉田町井上。片吹村の北に位置し、揖東郡に属する。北は高駄村、東は林田川を挟んで阿曾村。,134.558959,34.839543,http://geohash.org/wypwjyqg4cxc,"6722,17543,298,449",https://nakamura196.github.io/shoen/iiif/以-328/manifest.json,https://nakamura196.github.io/shoen/iiif/429c5f278d0c810bdc0f4472d6805b00/canvas/p1,"https://nakamura196.github.io/shoen/iiif/429c5f278d0c810bdc0f4472d6805b00/canvas/p1#xywh=6722,17543,298,449","https://clioimg.hi.u-tokyo.ac.jp/viewer/api/image/idata/0M0/_101i_/328/00000001.tif/6722,17543,298,449/200,/0/default.jpg",http://example.org/data/以-328
http://example.org/data/6eca40e971bef95ab2e89cbcfb205126,6eca40e971bef95ab2e89cbcfb205126,,以-328,片吹,片吹,,播磨国,現兵庫県たつの市誉田町片吹。下沖村の南東に位置し、揖東郡に属する。東は林田川を挟んで阿曾村。村の南端を山陽道が通る。,134.557179,34.831636,http://geohash.org/wypwjuvscx8d,"6003,18728,388,519",https://nakamura196.github.io/shoen/iiif/以-328/manifest.json,https://nakamura196.github.io/shoen/iiif/429c5f278d0c810bdc0f4472d6805b00/canvas/p1,"https://nakamura196.github.io/shoen/iiif/429c5f278d0c810bdc0f4472d6805b00/canvas/p1#xywh=6003,18728,388,519","https://clioimg.hi.u-tokyo.ac.jp/viewer/api/image/idata/0M0/_101i_/328/00000001.tif/6003,18728,388,519/200,/0/default.jpg",http://example.org/data/以-328
http://example.org/data/c12228bc9981e6a80bae77a8deb4cf59,c12228bc9981e6a80bae77a8deb4cf59,,以-328,常金,常金,,播磨国,常全村。現兵庫県揖保郡太子町常全。阿曾出屋敷村の南に位置し、西端は林田川で限られる。,134.562467,34.828531,http://geohash.org/wypwnh36usz8,"7125,19621,442,448",https://nakamura196.github.io/shoen/iiif/以-328/manifest.json,https://nakamura196.github.io/shoen/iiif/429c5f278d0c810bdc0f4472d6805b00/canvas/p1,"https://nakamura196.github.io/shoen/iiif/429c5f278d0c810bdc0f4472d6805b00/canvas/p1#xywh=7125,19621,442,448","https://clioimg.hi.u-tokyo.ac.jp/viewer/api/image/idata/0M0/_101i_/328/00000001.tif/7125,19621,442,448/200,/0/default.jpg",http://example.org/data/以-328
http://example.org/data/6ca9cf3280f083ece15d7e9b6aa003c1,6ca9cf3280f083ece15d7e9b6aa003c1,,以-328,せ原,せ原,,播磨国,老原村か。現兵庫県揖保郡太子町老原。阿曾出屋敷村の南に位置する。,134.571066,34.82715,http://geohash.org/wypwnhpdv57d,"7627,19960,239,453",https://nakamura196.github.io/shoen/iiif/以-328/manifest.json,https://nakamura196.github.io/shoen/iiif/429c5f278d0c810bdc0f4472d6805b00/canvas/p1,"https://nakamura196.github.io/shoen/iiif/429c5f278d0c810bdc0f4472d6805b00/canvas/p1#xywh=7627,19960,239,453","https://clioimg.hi.u-tokyo.ac.jp/viewer/api/image/idata/0M0/_101i_/328/00000001.tif/7627,19960,239,453/200,/0/default.jpg",http://example.org/data/以-328
http://example.org/data/bb184ac6f5b3eee5efbc276c8ab9e749,bb184ac6f5b3eee5efbc276c8ab9e749,,以-328,宮本,宮本,,播磨国,現兵庫県揖保郡太子町宮本。常全村の南に位置し、西は林田川で限られる。村名は岩見郷の産土神石海神社が所在することによる。,134.56052,34.823678,http://geohash.org/wypwjgryxk5f,"6810,20332,376,546",https://nakamura196.github.io/shoen/iiif/以-328/manifest.json,https://nakamura196.github.io/shoen/iiif/429c5f278d0c810bdc0f4472d6805b00/canvas/p1,"https://nakamura196.github.io/shoen/iiif/429c5f278d0c810bdc0f4472d6805b00/canvas/p1#xywh=6810,20332,376,546","https://clioimg.hi.u-tokyo.ac.jp/viewer/api/image/idata/0M0/_101i_/328/00000001.tif/6810,20332,376,546/200,/0/default.jpg",http://example.org/data/以-328
http://example.org/data/7171b8879ad76d55226812ae81eee1bf,7171b8879ad76d55226812ae81eee1bf,,以-328,岩見郷,岩見郷,,播磨国,現兵庫県揖保郡太子町岩見構を遺称地とする。,134.562103,34.81649,http://geohash.org/wypwn41hu20k,"7091,20988,447,809",https://nakamura196.github.io/shoen/iiif/以-328/manifest.json,https://nakamura196.github.io/shoen/iiif/429c5f278d0c810bdc0f4472d6805b00/canvas/p1,"https://nakamura196.github.io/shoen/iiif/429c5f278d0c810bdc0f4472d6805b00/canvas/p1#xywh=7091,20988,447,809","https://clioimg.hi.u-tokyo.ac.jp/viewer/api/image/idata/0M0/_101i_/328/00000001.tif/7091,20988,447,809/200,/0/default.jpg",http://example.org/data/以-328
http://example.org/data/570ada69445aed20d3e7d08dcda6b0a3,570ada69445aed20d3e7d08dcda6b0a3,,以-328,蓮常寺,蓮常寺,,播磨国,現兵庫県揖保郡太子町蓮常寺。福地村の東に位置する。連城寺村・蓮城寺村とも記す。,134.572222,34.822587,http://geohash.org/wypwn728209w,"8196,20695,616,376",https://nakamura196.github.io/shoen/iiif/以-328/manifest.json,https://nakamura196.github.io/shoen/iiif/429c5f278d0c810bdc0f4472d6805b00/canvas/p1,"https://nakamura196.github.io/shoen/iiif/429c5f278d0c810bdc0f4472d6805b00/canvas/p1#xywh=8196,20695,616,376","https://clioimg.hi.u-tokyo.ac.jp/viewer/api/image/idata/0M0/_101i_/328/00000001.tif/8196,20695,616,376/200,/0/default.jpg",http://example.org/data/以-328
http://example.org/data/897f5dfe59982049c4b3a6df64f7bf86,897f5dfe59982049c4b3a6df64f7bf86,,以-328,舟代,舟代,,,,,,,"6693,21122,306,622",https://nakamura196.github.io/shoen/iiif/以-328/manifest.json,https://nakamura196.github.io/shoen/iiif/429c5f278d0c810bdc0f4472d6805b00/canvas/p1,"https://nakamura196.github.io/shoen/iiif/429c5f278d0c810bdc0f4472d6805b00/canvas/p1#xywh=6693,21122,306,622","https://clioimg.hi.u-tokyo.ac.jp/viewer/api/image/idata/0M0/_101i_/328/00000001.tif/6693,21122,306,622/200,/0/default.jpg",http://example.org/data/以-328
http://example.org/data/102b8957233cbeff9538d92388ae1510,102b8957233cbeff9538d92388ae1510,,以-328,福地,福地,,播磨国,現兵庫県揖保郡太子町福地。岩見郷の中心部に位置する。,134.570047,34.819598,http://geohash.org/wypwn4wyv7eb,"7600,21034,277,581",https://nakamura196.github.io/shoen/iiif/以-328/manifest.json,https://nakamura196.github.io/shoen/iiif/429c5f278d0c810bdc0f4472d6805b00/canvas/p1,"https://nakamura196.github.io/shoen/iiif/429c5f278d0c810bdc0f4472d6805b00/canvas/p1#xywh=7600,21034,277,581","https://clioimg.hi.u-tokyo.ac.jp/viewer/api/image/idata/0M0/_101i_/328/00000001.tif/7600,21034,277,581/200,/0/default.jpg",http://example.org/data/以-328
http://example.org/data/196122fa56cbd73a06e27be0a6b149fa,196122fa56cbd73a06e27be0a6b149fa,,以-328,真砂,真砂,,播磨国,現兵庫県たつの市揖保町真砂。萩原村の東に位置し、村の南部で揖保川と林田川が合流する。揖西郡に属した。,134.554118,34.815457,http://geohash.org/wypwjcgqdpw6,"5319,21990,346,662",https://nakamura196.github.io/shoen/iiif/以-328/manifest.json,https://nakamura196.github.io/shoen/iiif/429c5f278d0c810bdc0f4472d6805b00/canvas/p1,"https://nakamura196.github.io/shoen/iiif/429c5f278d0c810bdc0f4472d6805b00/canvas/p1#xywh=5319,21990,346,662","https://clioimg.hi.u-tokyo.ac.jp/viewer/api/image/idata/0M0/_101i_/328/00000001.tif/5319,21990,346,662/200,/0/default.jpg",http://example.org/data/以-328
http://example.org/data/fd8a3b188efb5e45e582846d812b6678,fd8a3b188efb5e45e582846d812b6678,,以-328,かまへ,かまへ,,播磨国,構村、岩見構村。現兵庫県揖保郡太子町岩見構。船代村の南に位置し、西は林田川で限られる。,134.559726,34.815143,http://geohash.org/wypwjczkuv5c,"6807,21878,395,627",https://nakamura196.github.io/shoen/iiif/以-328/manifest.json,https://nakamura196.github.io/shoen/iiif/429c5f278d0c810bdc0f4472d6805b00/canvas/p1,"https://nakamura196.github.io/shoen/iiif/429c5f278d0c810bdc0f4472d6805b00/canvas/p1#xywh=6807,21878,395,627","https://clioimg.hi.u-tokyo.ac.jp/viewer/api/image/idata/0M0/_101i_/328/00000001.tif/6807,21878,395,627/200,/0/default.jpg",http://example.org/data/以-328
http://example.org/data/21e40bd4c73edd9c4078e0aa3fecd736,21e40bd4c73edd9c4078e0aa3fecd736,,以-328,竹広,竹広,,播磨国,現兵庫県揖保郡太子町竹広。連常寺村の南に位置する。,134.578505,34.817601,http://geohash.org/wypwn6m54rq8,"8345,21505,550,536",https://nakamura196.github.io/shoen/iiif/以-328/manifest.json,https://nakamura196.github.io/shoen/iiif/429c5f278d0c810bdc0f4472d6805b00/canvas/p1,"https://nakamura196.github.io/shoen/iiif/429c5f278d0c810bdc0f4472d6805b00/canvas/p1#xywh=8345,21505,550,536","https://clioimg.hi.u-tokyo.ac.jp/viewer/api/image/idata/0M0/_101i_/328/00000001.tif/8345,21505,550,536/200,/0/default.jpg",http://example.org/data/以-328
http://example.org/data/159d8160de61fb2f3f7d4a0081488a8b,159d8160de61fb2f3f7d4a0081488a8b,,以-328,吉福,吉福,,播磨国,現兵庫県揖保郡太子町吉福。岩見構村の南に位置し、西は林田川で限られ、同川と揖保川の合流点に近い。,134.558912,34.812149,http://geohash.org/wypwjcqg3yuv,"7151,22425,472,676",https://nakamura196.github.io/shoen/iiif/以-328/manifest.json,https://nakamura196.github.io/shoen/iiif/429c5f278d0c810bdc0f4472d6805b00/canvas/p1,"https://nakamura196.github.io/shoen/iiif/429c5f278d0c810bdc0f4472d6805b00/canvas/p1#xywh=7151,22425,472,676","https://clioimg.hi.u-tokyo.ac.jp/viewer/api/image/idata/0M0/_101i_/328/00000001.tif/7151,22425,472,676/200,/0/default.jpg",http://example.org/data/以-328
http://example.org/data/dc0f11a8d0629a3251199df0262e5cb7,dc0f11a8d0629a3251199df0262e5cb7,,以-328,吉福出屋敷,吉福出屋敷,,播磨国,現兵庫県揖保郡太子町沖代。吉福村の東に位置する。明治初年に沖代に改称された。,134.571453,34.810636,http://geohash.org/wypwn1pfwhuh,"7741,22580,536,809",https://nakamura196.github.io/shoen/iiif/以-328/manifest.json,https://nakamura196.github.io/shoen/iiif/429c5f278d0c810bdc0f4472d6805b00/canvas/p1,"https://nakamura196.github.io/shoen/iiif/429c5f278d0c810bdc0f4472d6805b00/canvas/p1#xywh=7741,22580,536,809","https://clioimg.hi.u-tokyo.ac.jp/viewer/api/image/idata/0M0/_101i_/328/00000001.tif/7741,22580,536,809/200,/0/default.jpg",http://example.org/data/以-328
http://example.org/data/27e72df9bf159aeb88538ecd8da6e06a,27e72df9bf159aeb88538ecd8da6e06a,,以-328,福井庄,福井庄,,播磨国,揖保川の左岸、現兵庫県姫路市南西部の勝原区・大津区・網干区と太子町糸井を含む一帯に比定され、ほぼ中央部を大津茂川が南流する。一二世紀末以降は山城神護寺領の庄園で、鎌倉時代には東保・西保に分れ、それぞれに地頭が置かれた。,134.599256,34.805542,http://geohash.org/wypwnbhhvzr9,"9206,21968,491,693",https://nakamura196.github.io/shoen/iiif/以-328/manifest.json,https://nakamura196.github.io/shoen/iiif/429c5f278d0c810bdc0f4472d6805b00/canvas/p1,"https://nakamura196.github.io/shoen/iiif/429c5f278d0c810bdc0f4472d6805b00/canvas/p1#xywh=9206,21968,491,693","https://clioimg.hi.u-tokyo.ac.jp/viewer/api/image/idata/0M0/_101i_/328/00000001.tif/9206,21968,491,693/200,/0/default.jpg",http://example.org/data/以-328
http://example.org/data/8420b46f0dcd1dec116fed710977606d,8420b46f0dcd1dec116fed710977606d,,以-328,高田,高田,,播磨国,現兵庫県姫路市網干区高田。和久村の西に位置し、西は米田村。揖東郡に属する。,134.58258,34.812685,http://geohash.org/wypwn92n96v4,"8810,22161,364,499",https://nakamura196.github.io/shoen/iiif/以-328/manifest.json,https://nakamura196.github.io/shoen/iiif/429c5f278d0c810bdc0f4472d6805b00/canvas/p1,"https://nakamura196.github.io/shoen/iiif/429c5f278d0c810bdc0f4472d6805b00/canvas/p1#xywh=8810,22161,364,499","https://clioimg.hi.u-tokyo.ac.jp/viewer/api/image/idata/0M0/_101i_/328/00000001.tif/8810,22161,364,499/200,/0/default.jpg",http://example.org/data/以-328
http://example.org/data/3f30f767dafab81b4dd98eb0ba0f28c2,3f30f767dafab81b4dd98eb0ba0f28c2,,以-328,和久波多,和久波多,,播磨国,現兵庫県姫路市網干区和久。谷村の南西に位置し、西は糸井村・高田村。揖東郡に属した。,134.587374,34.814805,http://geohash.org/wypwn9gdcn5c,"8784,22953,381,625",https://nakamura196.github.io/shoen/iiif/以-328/manifest.json,https://nakamura196.github.io/shoen/iiif/429c5f278d0c810bdc0f4472d6805b00/canvas/p1,"https://nakamura196.github.io/shoen/iiif/429c5f278d0c810bdc0f4472d6805b00/canvas/p1#xywh=8784,22953,381,625","https://clioimg.hi.u-tokyo.ac.jp/viewer/api/image/idata/0M0/_101i_/328/00000001.tif/8784,22953,381,625/200,/0/default.jpg",http://example.org/data/以-328
http://example.org/data/5439728e22a71224ea18c33259adc5e9,5439728e22a71224ea18c33259adc5e9,,以-328,坂上出屋敷,坂上出屋敷,,播磨国,現兵庫県姫路市網干区坂出。福井村の東に位置し、揖東郡に属する。南に隣接する坂上村の枝郷。,134.586402,34.806906,http://geohash.org/wypwn86ufmwc,"9248,22717,449,701",https://nakamura196.github.io/shoen/iiif/以-328/manifest.json,https://nakamura196.github.io/shoen/iiif/429c5f278d0c810bdc0f4472d6805b00/canvas/p1,"https://nakamura196.github.io/shoen/iiif/429c5f278d0c810bdc0f4472d6805b00/canvas/p1#xywh=9248,22717,449,701","https://clioimg.hi.u-tokyo.ac.jp/viewer/api/image/idata/0M0/_101i_/328/00000001.tif/9248,22717,449,701/200,/0/default.jpg",http://example.org/data/以-328
http://example.org/data/8d19ba2b0a7b4147104e62493f776b9f,8d19ba2b0a7b4147104e62493f776b9f,,以-328,坂上,坂上,,播磨国,現兵庫県姫路市網干区坂上。坂上出屋敷村の南に位置し、揖東郡に属する。東は宮内村。福井庄のうち。,134.585913,34.798418,http://geohash.org/wyptywf7rp62,"9366,23695,516,600",https://nakamura196.github.io/shoen/iiif/以-328/manifest.json,https://nakamura196.github.io/shoen/iiif/429c5f278d0c810bdc0f4472d6805b00/canvas/p1,"https://nakamura196.github.io/shoen/iiif/429c5f278d0c810bdc0f4472d6805b00/canvas/p1#xywh=9366,23695,516,600","https://clioimg.hi.u-tokyo.ac.jp/viewer/api/image/idata/0M0/_101i_/328/00000001.tif/9366,23695,516,600/200,/0/default.jpg",http://example.org/data/以-328
http://example.org/data/4ecee39f0bc7babffd546aae1800d739,4ecee39f0bc7babffd546aae1800d739,,以-328,津市場,津市場,,播磨国,現兵庫県姫路市網干区津市場。坂上村の西に位置し、村内を宮内川が東流する。揖東郡に属し、西は揖西郡下余部村。姫路城下から室津へ通ずる道が通る。,134.584522,34.797365,http://geohash.org/wyptyw9mqdvp,"8927,23981,432,583",https://nakamura196.github.io/shoen/iiif/以-328/manifest.json,https://nakamura196.github.io/shoen/iiif/429c5f278d0c810bdc0f4472d6805b00/canvas/p1,"https://nakamura196.github.io/shoen/iiif/429c5f278d0c810bdc0f4472d6805b00/canvas/p1#xywh=8927,23981,432,583","https://clioimg.hi.u-tokyo.ac.jp/viewer/api/image/idata/0M0/_101i_/328/00000001.tif/8927,23981,432,583/200,/0/default.jpg",http://example.org/data/以-328
http://example.org/data/be29dda56a6cd10289fc08bfb02d7e1d,be29dda56a6cd10289fc08bfb02d7e1d,,以-328,上川原,上川原,,播磨国,現兵庫県姫路市余部区上川原。上余部村の北西に位置し、揖保川と林田川の合流点左岸に立地する。揖西郡に属する。揖保川と林田川の合流点を改修し、中島村側に拡幅された新田に、同村の住民が出村を造成したのが村の始まりという。,134.560498,34.807603,http://geohash.org/wypwjbxbyz7x,"6294,23735,609,499",https://nakamura196.github.io/shoen/iiif/以-328/manifest.json,https://nakamura196.github.io/shoen/iiif/429c5f278d0c810bdc0f4472d6805b00/canvas/p1,"https://nakamura196.github.io/shoen/iiif/429c5f278d0c810bdc0f4472d6805b00/canvas/p1#xywh=6294,23735,609,499","https://clioimg.hi.u-tokyo.ac.jp/viewer/api/image/idata/0M0/_101i_/328/00000001.tif/6294,23735,609,499/200,/0/default.jpg",http://example.org/data/以-328
http://example.org/data/b4445d56e73346697fb1b3d08a21433b,b4445d56e73346697fb1b3d08a21433b,,以-328,上余部,上余部,,播磨国,現兵庫県姫路市余部区上余部。下余部村の北西に位置し、揖保川下流左岸の平地に立地する。揖西郡に属す。,134.573775,34.806083,http://geohash.org/wypwn238hhps,"7246,23977,681,639",https://nakamura196.github.io/shoen/iiif/以-328/manifest.json,https://nakamura196.github.io/shoen/iiif/429c5f278d0c810bdc0f4472d6805b00/canvas/p1,"https://nakamura196.github.io/shoen/iiif/429c5f278d0c810bdc0f4472d6805b00/canvas/p1#xywh=7246,23977,681,639","https://clioimg.hi.u-tokyo.ac.jp/viewer/api/image/idata/0M0/_101i_/328/00000001.tif/7246,23977,681,639/200,/0/default.jpg",http://example.org/data/以-328
http://example.org/data/f925e1143386a4d1cbd2b962051a1127,f925e1143386a4d1cbd2b962051a1127,,以-328,網干,網干,,播磨国,現兵庫県揖保川と大津茂川に挟まれた両川の河口部に位置する。中世から湊として栄えた。,134.586834,34.784149,http://geohash.org/wyptys70ke35,"9617,26243,431,621",https://nakamura196.github.io/shoen/iiif/以-328/manifest.json,https://nakamura196.github.io/shoen/iiif/429c5f278d0c810bdc0f4472d6805b00/canvas/p1,"https://nakamura196.github.io/shoen/iiif/429c5f278d0c810bdc0f4472d6805b00/canvas/p1#xywh=9617,26243,431,621","https://clioimg.hi.u-tokyo.ac.jp/viewer/api/image/idata/0M0/_101i_/328/00000001.tif/9617,26243,431,621/200,/0/default.jpg",http://example.org/data/以-328
http://example.org/data/62c77f5f5d2f9e24aac8460865eb3820,62c77f5f5d2f9e24aac8460865eb3820,,以-328,浜田井,浜田井,,,,,,,"7067,25821,415,556",https://nakamura196.github.io/shoen/iiif/以-328/manifest.json,https://nakamura196.github.io/shoen/iiif/429c5f278d0c810bdc0f4472d6805b00/canvas/p1,"https://nakamura196.github.io/shoen/iiif/429c5f278d0c810bdc0f4472d6805b00/canvas/p1#xywh=7067,25821,415,556","https://clioimg.hi.u-tokyo.ac.jp/viewer/api/image/idata/0M0/_101i_/328/00000001.tif/7067,25821,415,556/200,/0/default.jpg",http://example.org/data/以-328
http://example.org/data/dc3c28cb31c6ca6f36123c4a730e1960,dc3c28cb31c6ca6f36123c4a730e1960,,以-328,中嶋塩屋井,中嶋塩屋井,,,,,,,"6260,25159,622,1087",https://nakamura196.github.io/shoen/iiif/以-328/manifest.json,https://nakamura196.github.io/shoen/iiif/429c5f278d0c810bdc0f4472d6805b00/canvas/p1,"https://nakamura196.github.io/shoen/iiif/429c5f278d0c810bdc0f4472d6805b00/canvas/p1#xywh=6260,25159,622,1087","https://clioimg.hi.u-tokyo.ac.jp/viewer/api/image/idata/0M0/_101i_/328/00000001.tif/6260,25159,622,1087/200,/0/default.jpg",http://example.org/data/以-328
http://example.org/data/fb713adad80791a5e0f215bcefba6d38,fb713adad80791a5e0f215bcefba6d38,,以-328,野田井,野田井,,,,,,,"1702,17902,507,717",https://nakamura196.github.io/shoen/iiif/以-328/manifest.json,https://nakamura196.github.io/shoen/iiif/429c5f278d0c810bdc0f4472d6805b00/canvas/p1,"https://nakamura196.github.io/shoen/iiif/429c5f278d0c810bdc0f4472d6805b00/canvas/p1#xywh=1702,17902,507,717","https://clioimg.hi.u-tokyo.ac.jp/viewer/api/image/idata/0M0/_101i_/328/00000001.tif/1702,17902,507,717/200,/0/default.jpg",http://example.org/data/以-328
http://example.org/data/02d078cdd432ab25f5bddda53facd2f5,02d078cdd432ab25f5bddda53facd2f5,,以-328,こんけん山,こんけん山,山,,,,,,"4253,18070,451,885",https://nakamura196.github.io/shoen/iiif/以-328/manifest.json,https://nakamura196.github.io/shoen/iiif/429c5f278d0c810bdc0f4472d6805b00/canvas/p1,"https://nakamura196.github.io/shoen/iiif/429c5f278d0c810bdc0f4472d6805b00/canvas/p1#xywh=4253,18070,451,885","https://clioimg.hi.u-tokyo.ac.jp/viewer/api/image/idata/0M0/_101i_/328/00000001.tif/4253,18070,451,885/200,/0/default.jpg",http://example.org/data/以-328
http://example.org/data/bfc2a2c5338883168c0d6a2898fef35a,bfc2a2c5338883168c0d6a2898fef35a,,以-328,いな井,いな井,,,,,,,"4008,18960,338,535",https://nakamura196.github.io/shoen/iiif/以-328/manifest.json,https://nakamura196.github.io/shoen/iiif/429c5f278d0c810bdc0f4472d6805b00/canvas/p1,"https://nakamura196.github.io/shoen/iiif/429c5f278d0c810bdc0f4472d6805b00/canvas/p1#xywh=4008,18960,338,535","https://clioimg.hi.u-tokyo.ac.jp/viewer/api/image/idata/0M0/_101i_/328/00000001.tif/4008,18960,338,535/200,/0/default.jpg",http://example.org/data/以-328
http://example.org/data/4e81448212f78926a20b2c65220809f1,4e81448212f78926a20b2c65220809f1,,以-328,南,南,方位,,,,,,"5187,26014,674,607",https://nakamura196.github.io/shoen/iiif/以-328/manifest.json,https://nakamura196.github.io/shoen/iiif/429c5f278d0c810bdc0f4472d6805b00/canvas/p1,"https://nakamura196.github.io/shoen/iiif/429c5f278d0c810bdc0f4472d6805b00/canvas/p1#xywh=5187,26014,674,607","https://clioimg.hi.u-tokyo.ac.jp/viewer/api/image/idata/0M0/_101i_/328/00000001.tif/5187,26014,674,607/200,/0/default.jpg",http://example.org/data/以-328
http://example.org/data/ab041e093324c8498e6fcbd2ec7de7c1,ab041e093324c8498e6fcbd2ec7de7c1,,以-328,下番山,下番山,山,,,,,,"3750,496,658,391",https://nakamura196.github.io/shoen/iiif/以-328/manifest.json,https://nakamura196.github.io/shoen/iiif/429c5f278d0c810bdc0f4472d6805b00/canvas/p1,"https://nakamura196.github.io/shoen/iiif/429c5f278d0c810bdc0f4472d6805b00/canvas/p1#xywh=3750,496,658,391","https://clioimg.hi.u-tokyo.ac.jp/viewer/api/image/idata/0M0/_101i_/328/00000001.tif/3750,496,658,391/200,/0/default.jpg",http://example.org/data/以-328
http://example.org/data/34b907a73b38c1f942eccfd69b6f9ecd,34b907a73b38c1f942eccfd69b6f9ecd,,以-328,新宮井,新宮井,,,,,,,"5073,547,565,480",https://nakamura196.github.io/shoen/iiif/以-328/manifest.json,https://nakamura196.github.io/shoen/iiif/429c5f278d0c810bdc0f4472d6805b00/canvas/p1,"https://nakamura196.github.io/shoen/iiif/429c5f278d0c810bdc0f4472d6805b00/canvas/p1#xywh=5073,547,565,480","https://clioimg.hi.u-tokyo.ac.jp/viewer/api/image/idata/0M0/_101i_/328/00000001.tif/5073,547,565,480/200,/0/default.jpg",http://example.org/data/以-328
http://example.org/data/f2f2045e728f303e7db1011007e04154,f2f2045e728f303e7db1011007e04154,,以-328,さゝ井,さゝ井,,,,,,,"6803,1397,600,719",https://nakamura196.github.io/shoen/iiif/以-328/manifest.json,https://nakamura196.github.io/shoen/iiif/429c5f278d0c810bdc0f4472d6805b00/canvas/p1,"https://nakamura196.github.io/shoen/iiif/429c5f278d0c810bdc0f4472d6805b00/canvas/p1#xywh=6803,1397,600,719","https://clioimg.hi.u-tokyo.ac.jp/viewer/api/image/idata/0M0/_101i_/328/00000001.tif/6803,1397,600,719/200,/0/default.jpg",http://example.org/data/以-328
http://example.org/data/f90667c0cb86d880d762e33c801a79a6,f90667c0cb86d880d762e33c801a79a6,,以-328,こしべいの原井,こしべいの原井,,,,,,,"4706,2119,915,642",https://nakamura196.github.io/shoen/iiif/以-328/manifest.json,https://nakamura196.github.io/shoen/iiif/429c5f278d0c810bdc0f4472d6805b00/canvas/p1,"https://nakamura196.github.io/shoen/iiif/429c5f278d0c810bdc0f4472d6805b00/canvas/p1#xywh=4706,2119,915,642","https://clioimg.hi.u-tokyo.ac.jp/viewer/api/image/idata/0M0/_101i_/328/00000001.tif/4706,2119,915,642/200,/0/default.jpg",http://example.org/data/以-328
http://example.org/data/cb20a6a188b8e0de71a61a561f5040d3,cb20a6a188b8e0de71a61a561f5040d3,,以-328,さふがい井,さふがい井,,,,,,,"6816,3494,831,758",https://nakamura196.github.io/shoen/iiif/以-328/manifest.json,https://nakamura196.github.io/shoen/iiif/429c5f278d0c810bdc0f4472d6805b00/canvas/p1,"https://nakamura196.github.io/shoen/iiif/429c5f278d0c810bdc0f4472d6805b00/canvas/p1#xywh=6816,3494,831,758","https://clioimg.hi.u-tokyo.ac.jp/viewer/api/image/idata/0M0/_101i_/328/00000001.tif/6816,3494,831,758/200,/0/default.jpg",http://example.org/data/以-328
http://example.org/data/1759478aec8c11437f6628b13e53670d,1759478aec8c11437f6628b13e53670d,,以-328,はしざきさの井,はしざきさの井,,,,,,,"5053,4093,758,873",https://nakamura196.github.io/shoen/iiif/以-328/manifest.json,https://nakamura196.github.io/shoen/iiif/429c5f278d0c810bdc0f4472d6805b00/canvas/p1,"https://nakamura196.github.io/shoen/iiif/429c5f278d0c810bdc0f4472d6805b00/canvas/p1#xywh=5053,4093,758,873","https://clioimg.hi.u-tokyo.ac.jp/viewer/api/image/idata/0M0/_101i_/328/00000001.tif/5053,4093,758,873/200,/0/default.jpg",http://example.org/data/以-328
http://example.org/data/91cf127eed339e1645fe2a5f78451e56,91cf127eed339e1645fe2a5f78451e56,,以-328,むかい宿井,むかい宿井,,,,,,,"6837,6024,810,1031",https://nakamura196.github.io/shoen/iiif/以-328/manifest.json,https://nakamura196.github.io/shoen/iiif/429c5f278d0c810bdc0f4472d6805b00/canvas/p1,"https://nakamura196.github.io/shoen/iiif/429c5f278d0c810bdc0f4472d6805b00/canvas/p1#xywh=6837,6024,810,1031","https://clioimg.hi.u-tokyo.ac.jp/viewer/api/image/idata/0M0/_101i_/328/00000001.tif/6837,6024,810,1031/200,/0/default.jpg",http://example.org/data/以-328
http://example.org/data/7c05bb1246f46c682fe5c9cb44fe5aaf,7c05bb1246f46c682fe5c9cb44fe5aaf,,以-328,しま田井,しま田井,,,,,,,"6298,8024,613,764",https://nakamura196.github.io/shoen/iiif/以-328/manifest.json,https://nakamura196.github.io/shoen/iiif/429c5f278d0c810bdc0f4472d6805b00/canvas/p1,"https://nakamura196.github.io/shoen/iiif/429c5f278d0c810bdc0f4472d6805b00/canvas/p1#xywh=6298,8024,613,764","https://clioimg.hi.u-tokyo.ac.jp/viewer/api/image/idata/0M0/_101i_/328/00000001.tif/6298,8024,613,764/200,/0/default.jpg",http://example.org/data/以-328
http://example.org/data/d4cc50cafbe6d9877802e752106397a0,d4cc50cafbe6d9877802e752106397a0,,以-328,小宅井,小宅井,,,,,,,"5656,9646,546,851",https://nakamura196.github.io/shoen/iiif/以-328/manifest.json,https://nakamura196.github.io/shoen/iiif/429c5f278d0c810bdc0f4472d6805b00/canvas/p1,"https://nakamura196.github.io/shoen/iiif/429c5f278d0c810bdc0f4472d6805b00/canvas/p1#xywh=5656,9646,546,851","https://clioimg.hi.u-tokyo.ac.jp/viewer/api/image/idata/0M0/_101i_/328/00000001.tif/5656,9646,546,851/200,/0/default.jpg",http://example.org/data/以-328
http://example.org/data/ec2ef81008d95e75da878c51d462ef5c,ec2ef81008d95e75da878c51d462ef5c,,以-328,岩見井,岩見井,,,,,,,"4862,13287,648,669",https://nakamura196.github.io/shoen/iiif/以-328/manifest.json,https://nakamura196.github.io/shoen/iiif/429c5f278d0c810bdc0f4472d6805b00/canvas/p1,"https://nakamura196.github.io/shoen/iiif/429c5f278d0c810bdc0f4472d6805b00/canvas/p1#xywh=4862,13287,648,669","https://clioimg.hi.u-tokyo.ac.jp/viewer/api/image/idata/0M0/_101i_/328/00000001.tif/4862,13287,648,669/200,/0/default.jpg",http://example.org/data/以-328
http://example.org/data/2cd793385d6dcc094d6baa9be84eb6fa,2cd793385d6dcc094d6baa9be84eb6fa,,以-328,半田井,半田井,,,,,,,"2735,10739,411,560",https://nakamura196.github.io/shoen/iiif/以-328/manifest.json,https://nakamura196.github.io/shoen/iiif/429c5f278d0c810bdc0f4472d6805b00/canvas/p1,"https://nakamura196.github.io/shoen/iiif/429c5f278d0c810bdc0f4472d6805b00/canvas/p1#xywh=2735,10739,411,560","https://clioimg.hi.u-tokyo.ac.jp/viewer/api/image/idata/0M0/_101i_/328/00000001.tif/2735,10739,411,560/200,/0/default.jpg",http://example.org/data/以-328
http://example.org/data/21609939560389145a467ec8528e7a16,21609939560389145a467ec8528e7a16,,以-328,大山,大山,山,,,,,,"442,12736,750,522",https://nakamura196.github.io/shoen/iiif/以-328/manifest.json,https://nakamura196.github.io/shoen/iiif/429c5f278d0c810bdc0f4472d6805b00/canvas/p1,"https://nakamura196.github.io/shoen/iiif/429c5f278d0c810bdc0f4472d6805b00/canvas/p1#xywh=442,12736,750,522","https://clioimg.hi.u-tokyo.ac.jp/viewer/api/image/idata/0M0/_101i_/328/00000001.tif/442,12736,750,522/200,/0/default.jpg",http://example.org/data/以-328
http://example.org/data/de86ed7d407662f5c4f575b94edf0f97,de86ed7d407662f5c4f575b94edf0f97,,以-328,八のす,八のす,,,,,,,"655,11358,453,407",https://nakamura196.github.io/shoen/iiif/以-328/manifest.json,https://nakamura196.github.io/shoen/iiif/429c5f278d0c810bdc0f4472d6805b00/canvas/p1,"https://nakamura196.github.io/shoen/iiif/429c5f278d0c810bdc0f4472d6805b00/canvas/p1#xywh=655,11358,453,407","https://clioimg.hi.u-tokyo.ac.jp/viewer/api/image/idata/0M0/_101i_/328/00000001.tif/655,11358,453,407/200,/0/default.jpg",http://example.org/data/以-328
http://example.org/data/47f808ac90b1bc2cb00805c7e2094e03,47f808ac90b1bc2cb00805c7e2094e03,,以-328,安志川,安志川,川,播磨国,現林田川。,134.565064,34.854445,http://geohash.org/wypwq153c72p,"8629,13453,769,1616",https://nakamura196.github.io/shoen/iiif/以-328/manifest.json,https://nakamura196.github.io/shoen/iiif/429c5f278d0c810bdc0f4472d6805b00/canvas/p1,"https://nakamura196.github.io/shoen/iiif/429c5f278d0c810bdc0f4472d6805b00/canvas/p1#xywh=8629,13453,769,1616","https://clioimg.hi.u-tokyo.ac.jp/viewer/api/image/idata/0M0/_101i_/328/00000001.tif/8629,13453,769,1616/200,/0/default.jpg",http://example.org/data/以-328
http://example.org/data/2ad32307bb9c36261e4129727c7249e8,2ad32307bb9c36261e4129727c7249e8,,以-328,上仲,上仲,,播磨国,上沖村。現兵庫県たつの市誉田町上沖。下沖村の北に位置し、揖東郡に属する。西は揖保川の旧流路を隔てて揖西郡山下村、東は高駄村。岩見井に接して上沖とみえる。,134.551896,34.84537,http://geohash.org/wypwjz3syrv2,"5893,16594,394,622",https://nakamura196.github.io/shoen/iiif/以-328/manifest.json,https://nakamura196.github.io/shoen/iiif/429c5f278d0c810bdc0f4472d6805b00/canvas/p1,"https://nakamura196.github.io/shoen/iiif/429c5f278d0c810bdc0f4472d6805b00/canvas/p1#xywh=5893,16594,394,622","https://clioimg.hi.u-tokyo.ac.jp/viewer/api/image/idata/0M0/_101i_/328/00000001.tif/5893,16594,394,622/200,/0/default.jpg",http://example.org/data/以-328
http://example.org/data/9c4c6dbbbc7c1e4811c0dc7e06e56495,9c4c6dbbbc7c1e4811c0dc7e06e56495,,以-328,川内井,川内井,,,,,,,"1699,22518,592,777",https://nakamura196.github.io/shoen/iiif/以-328/manifest.json,https://nakamura196.github.io/shoen/iiif/429c5f278d0c810bdc0f4472d6805b00/canvas/p1,"https://nakamura196.github.io/shoen/iiif/429c5f278d0c810bdc0f4472d6805b00/canvas/p1#xywh=1699,22518,592,777","https://clioimg.hi.u-tokyo.ac.jp/viewer/api/image/idata/0M0/_101i_/328/00000001.tif/1699,22518,592,777/200,/0/default.jpg",http://example.org/data/以-328
http://example.org/data/e9f049dc716294a774b02083a2e31412,e9f049dc716294a774b02083a2e31412,,以-328,ひへがはな,ひへがはな,,,,,,,"711,18691,799,461",https://nakamura196.github.io/shoen/iiif/以-328/manifest.json,https://nakamura196.github.io/shoen/iiif/429c5f278d0c810bdc0f4472d6805b00/canvas/p1,"https://nakamura196.github.io/shoen/iiif/429c5f278d0c810bdc0f4472d6805b00/canvas/p1#xywh=711,18691,799,461","https://clioimg.hi.u-tokyo.ac.jp/viewer/api/image/idata/0M0/_101i_/328/00000001.tif/711,18691,799,461/200,/0/default.jpg",http://example.org/data/以-328
http://example.org/data/0d03c2353117d8764f9637b986280b6c,0d03c2353117d8764f9637b986280b6c,,以-328,浦上井,浦上井,,,,,,,"4406,14738,565,758",https://nakamura196.github.io/shoen/iiif/以-328/manifest.json,https://nakamura196.github.io/shoen/iiif/429c5f278d0c810bdc0f4472d6805b00/canvas/p1,"https://nakamura196.github.io/shoen/iiif/429c5f278d0c810bdc0f4472d6805b00/canvas/p1#xywh=4406,14738,565,758","https://clioimg.hi.u-tokyo.ac.jp/viewer/api/image/idata/0M0/_101i_/328/00000001.tif/4406,14738,565,758/200,/0/default.jpg",http://example.org/data/以-328
http://example.org/data/973a48a17d576bf0557f2605798649c1,973a48a17d576bf0557f2605798649c1,,以-328,ぢざふが瀬,ぢざふが瀬,,,,,,,"6132,6258,707,1241",https://nakamura196.github.io/shoen/iiif/以-328/manifest.json,https://nakamura196.github.io/shoen/iiif/429c5f278d0c810bdc0f4472d6805b00/canvas/p1,"https://nakamura196.github.io/shoen/iiif/429c5f278d0c810bdc0f4472d6805b00/canvas/p1#xywh=6132,6258,707,1241","https://clioimg.hi.u-tokyo.ac.jp/viewer/api/image/idata/0M0/_101i_/328/00000001.tif/6132,6258,707,1241/200,/0/default.jpg",http://example.org/data/以-328
http://example.org/data/b8c3647915d026deb2fa6a3b3a044007,b8c3647915d026deb2fa6a3b3a044007,,以-328,網干井,網干井,,,,,,,"8633,24419,614,553",https://nakamura196.github.io/shoen/iiif/以-328/manifest.json,https://nakamura196.github.io/shoen/iiif/429c5f278d0c810bdc0f4472d6805b00/canvas/p1,"https://nakamura196.github.io/shoen/iiif/429c5f278d0c810bdc0f4472d6805b00/canvas/p1#xywh=8633,24419,614,553","https://clioimg.hi.u-tokyo.ac.jp/viewer/api/image/idata/0M0/_101i_/328/00000001.tif/8633,24419,614,553/200,/0/default.jpg",http://example.org/data/以-328
